Acanthisitta_chloris, https://www.ncbi.nlm.nih.gov/genome/?term=Acanthisitta_chloris
Acanthochromis_polyacanthus, https://www.ncbi.nlm.nih.gov/genome/?term=Acanthochromis_polyacanthus
Acinonyx_jubatus, https://www.ncbi.nlm.nih.gov/genome/?term=Acinonyx_jubatus
Ailuropoda_melanoleuca, https://www.ncbi.nlm.nih.gov/genome/?term=Ailuropoda_melanoleuca
Alligator_mississippiensis, https://www.ncbi.nlm.nih.gov/genome/?term=Alligator_mississippiensis
Alligator_sinensis, https://www.ncbi.nlm.nih.gov/genome/?term=Alligator_sinensis
Amblyraja_radiata, https://www.ncbi.nlm.nih.gov/genome/?term=Amblyraja_radiata
Anabas_testudineus, https://www.ncbi.nlm.nih.gov/genome/?term=Anabas_testudineus
Anas_platyrhynchos, https://www.ncbi.nlm.nih.gov/genome/?term=Anas_platyrhynchos
Anolis_carolinensis, https://www.ncbi.nlm.nih.gov/genome/?term=Anolis_carolinensis
Anser_cygnoides, https://www.ncbi.nlm.nih.gov/genome/?term=Anser_cygnoides
Antrostomus_carolinensis, https://www.ncbi.nlm.nih.gov/genome/?term=Antrostomus_carolinensis
Aotus_nancymaae, https://www.ncbi.nlm.nih.gov/genome/?term=Aotus_nancymaae
Apaloderma_vittatum, https://www.ncbi.nlm.nih.gov/genome/?term=Apaloderma_vittatum
Aptenodytes_forsteri, https://www.ncbi.nlm.nih.gov/genome/?term=Aptenodytes_forsteri
Apteryx_australis, https://ftp.ncbi.nlm.nih.gov/genomes/all/annotation_releases/202946/100/GCF_001039765.1_AptMant0/
Apteryx_mantelli, https://www.ncbi.nlm.nih.gov/genome/?term=Apteryx_mantelli
Apteryx_rowi, https://www.ncbi.nlm.nih.gov/genome/?term=Apteryx_rowi
Archocentrus_centrarchus, https://www.ncbi.nlm.nih.gov/genome/?term=Archocentrus_centrarchus
Astatotilapia_calliptera, https://www.ncbi.nlm.nih.gov/genome/?term=Astatotilapia_calliptera
Astyanax_mexicanus, https://www.ncbi.nlm.nih.gov/genome/?term=Astyanax_mexicanus
Athene_cunicularia, https://www.ncbi.nlm.nih.gov/genome/?term=Athene_cunicularia
Austrofundulus_limnaeus, https://www.ncbi.nlm.nih.gov/genome/?term=Austrofundulus_limnaeus
Aythya_fuligula, https://www.ncbi.nlm.nih.gov/genome/?term=Aythya_fuligula
Balaenoptera_acutorostrata, https://www.ncbi.nlm.nih.gov/genome/?term=Balaenoptera_acutorostrata
Balearica_regulorum, https://www.ncbi.nlm.nih.gov/genome/?term=Balearica_regulorum
Betta_splendens, https://www.ncbi.nlm.nih.gov/genome/?term=Betta_splendens
Bison_bison, https://www.ncbi.nlm.nih.gov/genome/?term=Bison_bison
Boleophthalmus_pectinirostris, https://www.ncbi.nlm.nih.gov/genome/?term=Boleophthalmus_pectinirostris
Bos_indicus, https://www.ncbi.nlm.nih.gov/genome/?term=Bos_indicus
Bos_mutus, https://www.ncbi.nlm.nih.gov/genome/?term=Bos_mutus
Bos_taurus, https://www.ncbi.nlm.nih.gov/genome/?term=Bos_taurus
Bubalus_bubalis, https://www.ncbi.nlm.nih.gov/genome/?term=Bubalus_bubalis
Buceros_rhinoceros, https://www.ncbi.nlm.nih.gov/genome/?term=Buceros_rhinoceros
Calidris_pugnax, https://www.ncbi.nlm.nih.gov/genome/?term=Calidris_pugnax
Callithrix_jacchus, https://www.ncbi.nlm.nih.gov/genome/?term=Callithrix_jacchus
Callorhinchus_milii, https://www.ncbi.nlm.nih.gov/genome/?term=Callorhinchus_milii
Callorhinus_ursinus, https://www.ncbi.nlm.nih.gov/genome/?term=Callorhinus_ursinus
Calypte_anna, https://www.ncbi.nlm.nih.gov/genome/?term=Calypte_anna
Camarhynchus_parvulus, https://www.ncbi.nlm.nih.gov/genome/?term=Camarhynchus_parvulus
Camelus_bactrianus, https://www.ncbi.nlm.nih.gov/genome/?term=Camelus_bactrianus
Camelus_dromedarius, https://www.ncbi.nlm.nih.gov/genome/?term=Camelus_dromedarius
Camelus_ferus, https://www.ncbi.nlm.nih.gov/genome/?term=Camelus_ferus
Canis_lupus_dingo, ftp://ftp.ncbi.nlm.nih.gov/genomes/all/annotation_releases/286419/100/GCF_003254725.1_ASM325472v1/
Canis_lupus_familiaris, https://www.ncbi.nlm.nih.gov/genome/85
Capra_hircus, https://www.ncbi.nlm.nih.gov/genome/?term=Capra_hircus
Cariama_cristata, https://www.ncbi.nlm.nih.gov/genome/?term=Cariama_cristata
Carlito_syrichta, https://www.ncbi.nlm.nih.gov/genome/?term=Carlito_syrichta
Castor_canadensis, https://www.ncbi.nlm.nih.gov/genome/?term=Castor_canadensis
Catharus_ustulatus, https://www.ncbi.nlm.nih.gov/genome/?term=Catharus_ustulatus
Cavia_porcellus, https://www.ncbi.nlm.nih.gov/genome/?term=Cavia_porcellus
Cebus_capucinus, https://www.ncbi.nlm.nih.gov/genome/?term=Cebus_capucinus
Ceratotherium_simum, https://www.ncbi.nlm.nih.gov/genome/24631
Chaetura_pelagica, https://www.ncbi.nlm.nih.gov/genome/?term=Chaetura_pelagica
Charadrius_vociferus, https://www.ncbi.nlm.nih.gov/genome/?term=Charadrius_vociferus
Chelonia_mydas, https://www.ncbi.nlm.nih.gov/genome/?term=Chelonia_mydas
Chelonoidis_abingdonii, https://www.ncbi.nlm.nih.gov/genome/?term=Chelonoidis_abingdonii
Chinchilla_lanigera, https://www.ncbi.nlm.nih.gov/genome/?term=Chinchilla_lanigera
Chiroxiphia_lanceolata, https://www.ncbi.nlm.nih.gov/genome/?term=Chiroxiphia_lanceolata
Chlamydotis_macqueenii, https://www.ncbi.nlm.nih.gov/genome/?term=Chlamydotis_macqueenii
Chlorocebus_sabaeus, https://www.ncbi.nlm.nih.gov/genome/?term=Chlorocebus_sabaeus
Chrysemys_picta, https://www.ncbi.nlm.nih.gov/genome/?term=Chrysemys_picta
Chrysochloris_asiatica, https://www.ncbi.nlm.nih.gov/genome/?term=Chrysochloris_asiatica
Clupea_harengus, https://www.ncbi.nlm.nih.gov/genome/?term=Clupea_harengus
Colius_striatus, https://www.ncbi.nlm.nih.gov/genome/?term=Colius_striatus
Colobus_angolensis, https://www.ncbi.nlm.nih.gov/genome/?term=Colobus_angolensis
Columba_livia, https://www.ncbi.nlm.nih.gov/genome/?term=Columba_livia
Condylura_cristata, https://www.ncbi.nlm.nih.gov/genome/?term=Condylura_cristata
Corvus_brachyrhynchos, https://www.ncbi.nlm.nih.gov/genome/?term=Corvus_brachyrhynchos
Corvus_cornix, https://www.ncbi.nlm.nih.gov/genome/?term=Corvus_cornix
Corvus_moneduloides, https://www.ncbi.nlm.nih.gov/genome/?term=Corvus_moneduloides
Cottoperca_gobio, https://www.ncbi.nlm.nih.gov/genome/?term=Cottoperca_gobio
Coturnix_japonica, https://www.ncbi.nlm.nih.gov/genome/?term=Coturnix_japonica
Cricetulus_griseus, https://www.ncbi.nlm.nih.gov/genome/?term=Cricetulus_griseus
Crocodylus_porosus, https://www.ncbi.nlm.nih.gov/genome/?term=Crocodylus_porosus
Cuculus_canorus, https://www.ncbi.nlm.nih.gov/genome/?term=Cuculus_canorus
Cyanistes_caeruleus, https://www.ncbi.nlm.nih.gov/genome/?term=Cyanistes_caeruleus
Cynoglossus_semilaevis, https://www.ncbi.nlm.nih.gov/genome/?term=Cynoglossus_semilaevis
Cyprinodon_variegatus, https://www.ncbi.nlm.nih.gov/genome/?term=Cyprinodon_variegatus
Danio_rerio, https://www.ncbi.nlm.nih.gov/genome/?term=Danio_rerio
Dasypus_novemcinctus, https://www.ncbi.nlm.nih.gov/genome/?term=Dasypus_novemcinctus
Delphinapterus_leucas, https://www.ncbi.nlm.nih.gov/genome/?term=Delphinapterus_leucas
Denticeps_clupeoides, https://www.ncbi.nlm.nih.gov/genome/?term=Denticeps_clupeoides
Desmodus_rotundus, https://www.ncbi.nlm.nih.gov/genome/?term=Desmodus_rotundus
Dipodomys_ordii, https://www.ncbi.nlm.nih.gov/genome/?term=Dipodomys_ordii
Dromaius_novaehollandiae, https://www.ncbi.nlm.nih.gov/genome/?term=Dromaius_novaehollandiae
Echinops_telfairi, https://www.ncbi.nlm.nih.gov/genome/?term=Echinops_telfairi
Egretta_garzetta, https://www.ncbi.nlm.nih.gov/genome/?term=Egretta_garzetta
Electrophorus_electricus, https://www.ncbi.nlm.nih.gov/genome/?term=Electrophorus_electricus
Elephantulus_edwardii, https://www.ncbi.nlm.nih.gov/genome/?term=Elephantulus_edwardii
Empidonax_traillii, https://www.ncbi.nlm.nih.gov/genome/?term=Empidonax_traillii
Eptesicus_fuscus, https://www.ncbi.nlm.nih.gov/genome/?term=Eptesicus_fuscus
Equus_asinus, https://www.ncbi.nlm.nih.gov/genome/?term=Equus_asinus
Equus_caballus, https://www.ncbi.nlm.nih.gov/genome/?term=Equus_caballus
Equus_przewalskii, https://www.ncbi.nlm.nih.gov/genome/?term=Equus_przewalskii
Erinaceus_europaeus, https://www.ncbi.nlm.nih.gov/genome/?term=Erinaceus_europaeus
Erpetoichthys_calabaricus, https://www.ncbi.nlm.nih.gov/genome/?term=Erpetoichthys_calabaricus
Esox_lucius, https://www.ncbi.nlm.nih.gov/genome/?term=Esox_lucius
Eumetopias_jubatus, https://www.ncbi.nlm.nih.gov/genome/?term=Eumetopias_jubatus
Eurypyga_helias, https://www.ncbi.nlm.nih.gov/genome/?term=Eurypyga_helias
Exaiptasia_pallida, https://www.ncbi.nlm.nih.gov/genome/?term=Exaiptasia_pallida
Falco_cherrug, https://www.ncbi.nlm.nih.gov/genome/?term=Falco_cherrug
Falco_peregrinus, https://www.ncbi.nlm.nih.gov/genome/?term=Falco_peregrinus
Felis_catus, https://www.ncbi.nlm.nih.gov/genome/?term=Felis_catus
Ficedula_albicollis, https://www.ncbi.nlm.nih.gov/genome/?term=Ficedula_albicollis
Fukomys_damarensis, https://www.ncbi.nlm.nih.gov/genome/?term=Fukomys_damarensis
Fulmarus_glacialis, https://www.ncbi.nlm.nih.gov/genome/?term=Fulmarus_glacialis
Fundulus_heteroclitus, https://www.ncbi.nlm.nih.gov/genome/?term=Fundulus_heteroclitus
Gadus_morhua, https://www.ncbi.nlm.nih.gov/genome/?term=Gadus_morhua
Galeopterus_variegatus, https://www.ncbi.nlm.nih.gov/genome/?term=Galeopterus_variegatus
Gallus_gallus, https://www.ncbi.nlm.nih.gov/genome/?term=Gallus_gallus
Gavia_stellata, https://www.ncbi.nlm.nih.gov/genome/?term=Gavia_stellata
Gavialis_gangeticus, https://www.ncbi.nlm.nih.gov/genome/?term=Gavialis_gangeticus
Gekko_japonicus, https://www.ncbi.nlm.nih.gov/genome/?term=Gekko_japonicus
Geospiza_fortis, https://www.ncbi.nlm.nih.gov/genome/?term=Geospiza_fortis
Globicephala_melas, https://www.ncbi.nlm.nih.gov/genome/?term=Globicephala_melas
Gopherus_evgoodei, https://www.ncbi.nlm.nih.gov/genome/?term=Gopherus_evgoodei
Gorilla_gorilla, https://www.ncbi.nlm.nih.gov/genome/?term=Gorilla_gorilla
Gouania_willdenowi, https://www.ncbi.nlm.nih.gov/genome/?term=Gouania_willdenowi
Grammomys_surdaster, https://www.ncbi.nlm.nih.gov/genome/?term=Grammomys_surdaster
Haliaeetus_albicilla, https://www.ncbi.nlm.nih.gov/genome/?term=Haliaeetus_albicilla
Haliaeetus_leucocephalus, https://www.ncbi.nlm.nih.gov/genome/?term=Haliaeetus_leucocephalus
Haplochromis_burtoni, https://www.ncbi.nlm.nih.gov/genome/?term=Haplochromis_burtoni
Heterocephalus_glaber, https://www.ncbi.nlm.nih.gov/genome/?term=Heterocephalus_glaber
Hippocampus_comes, https://www.ncbi.nlm.nih.gov/genome/?term=Hippocampus_comes
Hipposideros_armiger, https://www.ncbi.nlm.nih.gov/genome/?term=Hipposideros_armiger
Homo_sapiens, https://www.ncbi.nlm.nih.gov/genome/?term=Homo_sapiens
Hylobates_moloch, https://www.ncbi.nlm.nih.gov/genome/?term=Hylobates_moloch
Ictalurus_punctatus, https://www.ncbi.nlm.nih.gov/genome/?term=Ictalurus_punctatus
Ictidomys_tridecemlineatus, https://www.ncbi.nlm.nih.gov/genome/?term=Ictidomys_tridecemlineatus
Jaculus_jaculus, https://www.ncbi.nlm.nih.gov/genome/?term=Jaculus_jaculus
Kryptolebias_marmoratus, https://www.ncbi.nlm.nih.gov/genome/?term=Kryptolebias_marmoratus
Labrus_bergylta, https://www.ncbi.nlm.nih.gov/genome/?term=Labrus_bergylta
Lagenorhynchus_obliquidens, https://www.ncbi.nlm.nih.gov/genome/?term=Lagenorhynchus_obliquidens
Larimichthys_crocea, https://www.ncbi.nlm.nih.gov/genome/?term=Larimichthys_crocea
Lates_calcarifer, https://www.ncbi.nlm.nih.gov/genome/?term=Lates_calcarifer
Latimeria_chalumnae, https://www.ncbi.nlm.nih.gov/genome/?term=Latimeria_chalumnae
Lepidothrix_coronata, https://www.ncbi.nlm.nih.gov/genome/?term=Lepidothrix_coronata
Leptonychotes_weddellii, https://www.ncbi.nlm.nih.gov/genome/?term=Leptonychotes_weddellii
Leptosomus_discolor, https://www.ncbi.nlm.nih.gov/genome/?term=Leptosomus_discolor
Lipotes_vexillifer, https://www.ncbi.nlm.nih.gov/genome/?term=Lipotes_vexillifer
Lonchura_striata, https://www.ncbi.nlm.nih.gov/genome/?term=Lonchura_striata
Lontra_canadensis, https://www.ncbi.nlm.nih.gov/genome/?term=Lontra_canadensis
Loxodonta_africana, https://www.ncbi.nlm.nih.gov/genome/?term=Loxodonta_africana
Lynx_canadensis, https://www.ncbi.nlm.nih.gov/genome/?term=Lynx_canadensis
Macaca_fascicularis, https://www.ncbi.nlm.nih.gov/genome/?term=Macaca_fascicularis
Macaca_mulatta, https://www.ncbi.nlm.nih.gov/genome/?term=Macaca_mulatta
Macaca_nemestrina, https://www.ncbi.nlm.nih.gov/genome/?term=Macaca_nemestrina
Manacus_vitellinus, https://www.ncbi.nlm.nih.gov/genome/?term=Manacus_vitellinus
Mandrillus_leucophaeus, https://www.ncbi.nlm.nih.gov/genome/?term=Mandrillus_leucophaeus
Manis_javanica, https://www.ncbi.nlm.nih.gov/genome/?term=Manis_javanica
Marmota_flaviventris, https://www.ncbi.nlm.nih.gov/genome/?term=Marmota_flaviventris
Marmota_marmota, https://www.ncbi.nlm.nih.gov/genome/?term=Marmota_marmota
Mastomys_coucha, https://www.ncbi.nlm.nih.gov/genome/?term=Mastomys_coucha
Maylandia_zebra, https://www.ncbi.nlm.nih.gov/genome/?term=Maylandia_zebra
Meleagris_gallopavo, https://www.ncbi.nlm.nih.gov/genome/?term=Meleagris_gallopavo
Melopsittacus_undulatus, https://www.ncbi.nlm.nih.gov/genome/?term=Melopsittacus_undulatus
Meriones_unguiculatus, https://www.ncbi.nlm.nih.gov/genome/?term=Meriones_unguiculatus
Merops_nubicus, https://www.ncbi.nlm.nih.gov/genome/?term=Merops_nubicus
Mesitornis_unicolor, https://www.ncbi.nlm.nih.gov/genome/?term=Mesitornis_unicolor
Mesocricetus_auratus, https://www.ncbi.nlm.nih.gov/genome/?term=Mesocricetus_auratus
Microcaecilia_unicolor, https://www.ncbi.nlm.nih.gov/genome/?term=Microcaecilia_unicolor
Microcebus_murinus, https://www.ncbi.nlm.nih.gov/genome/?term=Microcebus_murinus
Microtus_ochrogaster, https://www.ncbi.nlm.nih.gov/genome/10848
Miniopterus_natalensis, https://www.ncbi.nlm.nih.gov/genome/?term=Miniopterus_natalensis
Monodelphis_domestica, https://www.ncbi.nlm.nih.gov/genome/?term=Monodelphis_domestica
Monodon_monoceros, https://www.ncbi.nlm.nih.gov/genome/?term=Monodon_monoceros
Monopterus_albus, https://www.ncbi.nlm.nih.gov/genome/?term=Monopterus_albus
Mus_caroli, https://www.ncbi.nlm.nih.gov/genome/?term=Mus_caroli
Mus_musculus, https://www.ncbi.nlm.nih.gov/genome/?term=Mus_musculus
Mus_pahari, https://www.ncbi.nlm.nih.gov/genome/?term=Mus_pahari
Mustela_erminea, https://www.ncbi.nlm.nih.gov/genome/?term=Mustela_erminea
Mustela_putorius_furo, https://www.ncbi.nlm.nih.gov/genome/3295
Myotis_brandtii, https://www.ncbi.nlm.nih.gov/genome/?term=Myotis_brandtii
Myotis_davidii, https://www.ncbi.nlm.nih.gov/genome/?term=Myotis_davidii
Myripristis_murdjan, https://www.ncbi.nlm.nih.gov/genome/?term=Myripristis_murdjan
Nannospalax_galili, https://www.ncbi.nlm.nih.gov/genome/?term=Nannospalax_galili
Nanorana_parkeri, https://www.ncbi.nlm.nih.gov/genome/?term=Nanorana_parkeri
Neomonachus_schauinslandi, https://www.ncbi.nlm.nih.gov/genome/?term=Neomonachus_schauinslandi
Neopelma_chrysocephalum, https://www.ncbi.nlm.nih.gov/genome/?term=Neopelma_chrysocephalum
Neophocaena_asiaeorientalis, https://www.ncbi.nlm.nih.gov/genome/?term=Neophocaena_asiaeorientalis
Nestor_notabilis, https://www.ncbi.nlm.nih.gov/genome/?term=Nestor_notabilis
Nipponia_nippon, https://www.ncbi.nlm.nih.gov/genome/?term=Nipponia_nippon
Nomascus_leucogenys, https://www.ncbi.nlm.nih.gov/genome/?term=Nomascus_leucogenys
Notechis_scutatus, https://www.ncbi.nlm.nih.gov/genome/?term=Notechis_scutatus
Nothobranchius_furzeri, https://www.ncbi.nlm.nih.gov/genome/?term=Nothobranchius_furzeri
Nothoprocta_perdicaria, https://www.ncbi.nlm.nih.gov/genome/?term=Nothoprocta_perdicaria
Notothenia_coriiceps, https://www.ncbi.nlm.nih.gov/genome/?term=Notothenia_coriiceps
Numida_meleagris, https://www.ncbi.nlm.nih.gov/genome/?term=Numida_meleagris
Ochotona_princeps, https://www.ncbi.nlm.nih.gov/genome/?term=Ochotona_princeps
Octodon_degus, https://www.ncbi.nlm.nih.gov/genome/?term=Octodon_degus
Odobenus_rosmarus, https://www.ncbi.nlm.nih.gov/genome/?term=Odobenus_rosmarus
Odocoileus_virginianus, https://www.ncbi.nlm.nih.gov/genome/?term=Odocoileus_virginianus
Oncorhynchus_mykiss, https://www.ncbi.nlm.nih.gov/genome/?term=Oncorhynchus_mykiss
Opisthocomus_hoazin, https://www.ncbi.nlm.nih.gov/genome/?term=Opisthocomus_hoazin
Orcinus_orca, https://www.ncbi.nlm.nih.gov/genome/?term=Orcinus_orca
Oreochromis_aureus, https://www.ncbi.nlm.nih.gov/genome/?term=Oreochromis_aureus
Oreochromis_niloticus, https://www.ncbi.nlm.nih.gov/genome/?term=Oreochromis_niloticus
Ornithorhynchus_anatinus, https://www.ncbi.nlm.nih.gov/genome/?term=Ornithorhynchus_anatinus
Orycteropus_afer, https://www.ncbi.nlm.nih.gov/genome/?term=Orycteropus_afer
Oryctolagus_cuniculus, https://www.ncbi.nlm.nih.gov/genome/?term=Oryctolagus_cuniculus
Oryzias_latipes, https://www.ncbi.nlm.nih.gov/genome/?term=Oryzias_latipes
Oryzias_melastigma, https://www.ncbi.nlm.nih.gov/genome/?term=Oryzias_melastigma
Otolemur_garnettii, https://www.ncbi.nlm.nih.gov/genome/?term=Otolemur_garnettii
Ovis_aries, https://www.ncbi.nlm.nih.gov/genome/?term=Ovis_aries
Pan_paniscus, https://www.ncbi.nlm.nih.gov/genome/?term=Pan_paniscus
Pan_troglodytes, https://www.ncbi.nlm.nih.gov/genome/?term=Pan_troglodytes
Panthera_pardus, https://www.ncbi.nlm.nih.gov/genome/?term=Panthera_pardus
Panthera_tigris, https://www.ncbi.nlm.nih.gov/genome/?term=Panthera_tigris
Papio_anubis, https://www.ncbi.nlm.nih.gov/genome/?term=Papio_anubis
Parambassis_ranga, https://www.ncbi.nlm.nih.gov/genome/?term=Parambassis_ranga
Parus_major, https://www.ncbi.nlm.nih.gov/genome/?term=Parus_major
Pelecanus_crispus, https://www.ncbi.nlm.nih.gov/genome/?term=Pelecanus_crispus
Perca_flavescens, https://www.ncbi.nlm.nih.gov/genome/?term=Perca_flavescens
Peromyscus_maniculatus, https://www.ncbi.nlm.nih.gov/genome/?term=Peromyscus_maniculatus
Petromyzon_marinus, https://www.ncbi.nlm.nih.gov/genome/?term=Petromyzon_marinus,   #NOTE THIS HAS FEW PROTEINS; more complete protein list available at https://genomes.stowers.org/sealamprey, but no gff file available
Phaethon_lepturus, https://www.ncbi.nlm.nih.gov/genome/?term=Phaethon_lepturus
Phalacrocorax_carbo, https://www.ncbi.nlm.nih.gov/genome/?term=Phalacrocorax_carbo
Phascolarctos_cinereus, https://www.ncbi.nlm.nih.gov/genome/?term=Phascolarctos_cinereus
Phasianus_colchicus, https://www.ncbi.nlm.nih.gov/genome/?term=Phasianus_colchicus
Phoca_vitulina, https://www.ncbi.nlm.nih.gov/genome/?term=Phoca_vitulina
Phyllostomus_discolor, https://www.ncbi.nlm.nih.gov/genome/?term=Phyllostomus_discolor
Picoides_pubescens, https://www.ncbi.nlm.nih.gov/genome/?term=Picoides_pubescens
Piliocolobus_tephrosceles, https://www.ncbi.nlm.nih.gov/genome/?term=Piliocolobus_tephrosceles
Pipra_filicauda, https://www.ncbi.nlm.nih.gov/genome/?term=Pipra_filicauda
Podarcis_muralis, https://www.ncbi.nlm.nih.gov/genome/?term=Podarcis_muralis
Poecilia_formosa, https://www.ncbi.nlm.nih.gov/genome/?term=Poecilia_formosa
Poecilia_latipinna, https://www.ncbi.nlm.nih.gov/genome/?term=Poecilia_latipinna
Poecilia_mexicana, https://www.ncbi.nlm.nih.gov/genome/?term=Poecilia_mexicana
Poecilia_reticulata, https://www.ncbi.nlm.nih.gov/genome/?term=Poecilia_reticulata
Pogona_vitticeps, https://www.ncbi.nlm.nih.gov/genome/?term=Pogona_vitticeps
Pongo_abelii, https://www.ncbi.nlm.nih.gov/genome/?term=Pongo_abelii
Propithecus_coquereli, https://www.ncbi.nlm.nih.gov/genome/?term=Propithecus_coquereli
Protobothrops_mucrosquamatus, https://www.ncbi.nlm.nih.gov/genome/?term=Protobothrops_mucrosquamatus
Pseudonaja_textilis, https://www.ncbi.nlm.nih.gov/genome/?term=Pseudonaja_textilis
Pseudopodoces_humilis, https://www.ncbi.nlm.nih.gov/genome/?term=Pseudopodoces_humilis
Pterocles_gutturalis, https://www.ncbi.nlm.nih.gov/genome/?term=Pterocles_gutturalis
Pteropus_alecto, https://www.ncbi.nlm.nih.gov/genome/?term=Pteropus_alecto
Pteropus_vampyrus, https://www.ncbi.nlm.nih.gov/genome/?term=Pteropus_vampyrus
Puma_concolor, https://www.ncbi.nlm.nih.gov/genome/?term=Puma_concolor
Pundamilia_nyererei, https://www.ncbi.nlm.nih.gov/genome/?term=Pundamilia_nyererei
Pygoscelis_adeliae, https://www.ncbi.nlm.nih.gov/genome/?term=Pygoscelis_adeliae
Rattus_norvegicus, https://www.ncbi.nlm.nih.gov/genome/?term=Rattus_norvegicus
Rattus_rattus, https://www.ncbi.nlm.nih.gov/genome/?term=Rattus_rattus
Rhinatrema_bivittatum, https://www.ncbi.nlm.nih.gov/genome/?term=Rhinatrema_bivittatum
Rhincodon_typus   https://www.ncbi.nlm.nih.gov/genome/?term=Rhincodon_typus
Rhinopithecus_bieti, https://www.ncbi.nlm.nih.gov/genome/?term=Rhinopithecus_bieti
Rhinopithecus_roxellana, https://www.ncbi.nlm.nih.gov/genome/?term=Rhinopithecus_roxellana
Rousettus_aegyptiacus, https://www.ncbi.nlm.nih.gov/genome/?term=Rousettus_aegyptiacus
Saimiri_boliviensis, https://www.ncbi.nlm.nih.gov/genome/?term=Saimiri_boliviensis
Salarias_fasciatus, https://www.ncbi.nlm.nih.gov/genome/?term=Salarias_fasciatus
Salmo_salar, https://www.ncbi.nlm.nih.gov/genome/?term=Salmo_salar
Sander_lucioperca, https://www.ncbi.nlm.nih.gov/genome/?term=Sander_lucioperca
Sapajus_apella, https://www.ncbi.nlm.nih.gov/genome/?term=Sapajus_apella
Sarcophilus_harrisii, https://www.ncbi.nlm.nih.gov/genome/?term=Sarcophilus_harrisii
Serinus_canaria, https://www.ncbi.nlm.nih.gov/genome/?term=Serinus_canaria
Seriola_dumerili, https://www.ncbi.nlm.nih.gov/genome/?term=Seriola_dumerili
Seriola_lalandi, https://www.ncbi.nlm.nih.gov/genome/?term=Seriola_lalandi
Sinocyclocheilus_anshuiensis, https://www.ncbi.nlm.nih.gov/genome/?term=Sinocyclocheilus_anshuiensis
Sorex_araneus, https://www.ncbi.nlm.nih.gov/genome/?term=Sorex_araneus
Sparus_aurata, https://www.ncbi.nlm.nih.gov/genome/?term=Sparus_aurata
Sphaeramia_orbicularis, https://www.ncbi.nlm.nih.gov/genome/?term=Sphaeramia_orbicularis
Stegastes_partitus, https://www.ncbi.nlm.nih.gov/genome/?term=Stegastes_partitus
Strigops_habroptila, https://www.ncbi.nlm.nih.gov/genome/?term=Strigops_habroptila
Struthio_camelus, https://www.ncbi.nlm.nih.gov/genome/?term=Struthio_camelus
Sturnus_vulgaris, https://www.ncbi.nlm.nih.gov/genome/?term=Sturnus_vulgaris
Suricata_suricatta, https://www.ncbi.nlm.nih.gov/genome/?term=Suricata_suricatta
Sus_scrofa, https://www.ncbi.nlm.nih.gov/genome/?term=Sus_scrofa
Stylophora_pistillata, https://www.ncbi.nlm.nih.gov/genome/?term=Stylophora_pistillata
Tachysurus_fulvidraco, https://www.ncbi.nlm.nih.gov/genome/?term=Tachysurus_fulvidraco
Taeniopygia_guttata, https://www.ncbi.nlm.nih.gov/genome/?term=Taeniopygia_guttata
Takifugu_rubripes, https://www.ncbi.nlm.nih.gov/genome/?term=Takifugu_rubripes
Tauraco_erythrolophus, https://www.ncbi.nlm.nih.gov/genome/?term=Tauraco_erythrolophus
Terrapene_carolina, https://www.ncbi.nlm.nih.gov/genome/?term=Terrapene_carolina
Thamnophis_elegans, https://www.ncbi.nlm.nih.gov/genome/?term=Thamnophis_elegans
Thamnophis_sirtalis, https://www.ncbi.nlm.nih.gov/genome/?term=Thamnophis_sirtalis
Theropithecus_gelada, https://www.ncbi.nlm.nih.gov/genome/?term=Theropithecus_gelada
Tinamus_guttatus, https://www.ncbi.nlm.nih.gov/genome/?term=Tinamus_guttatus
Trichechus_manatus, https://www.ncbi.nlm.nih.gov/genome/?term=Trichechus_manatus
Tupaia_chinensis, https://www.ncbi.nlm.nih.gov/genome/?term=Tupaia_chinensis
Tursiops_truncatus, https://www.ncbi.nlm.nih.gov/genome/?term=Tursiops_truncatus
Tyto_alba, https://www.ncbi.nlm.nih.gov/genome/?term=Tyto_alba
Urocitellus_parryii, https://www.ncbi.nlm.nih.gov/genome/?term=Urocitellus_parryii
Ursus_arctos, https://www.ncbi.nlm.nih.gov/genome/?term=Ursus_arctos
Ursus_maritimus, https://www.ncbi.nlm.nih.gov/genome/?term=Ursus_maritimus
Vicugna_pacos, https://www.ncbi.nlm.nih.gov/genome/?term=Vicugna_pacos
Vombatus_ursinus, https://www.ncbi.nlm.nih.gov/genome/?term=Vombatus_ursinus
Vulpes_vulpes, https://www.ncbi.nlm.nih.gov/genome/?term=Vulpes_vulpes
Xenopus_tropicalis, https://www.ncbi.nlm.nih.gov/genome/?term=Xenopus_tropicalis
Xiphophorus_couchianus, https://www.ncbi.nlm.nih.gov/genome/?term=Xiphophorus_couchianus
Xiphophorus_hellerii, https://www.ncbi.nlm.nih.gov/genome/?term=Xiphophorus_hellerii
Zalophus_californianus, ftp://ftp.ncbi.nlm.nih.gov/genomes/all/annotation_releases/9704/100/GCF_900631625.1_zalCal2.2/
Zonotrichia_albicollis, https://www.ncbi.nlm.nih.gov/genome/?term=Zonotrichia_albicollis
